{
  "camera_intrinsics": "/home/pi/fringe/data/calibration/camera/intrinsics_latest.json",
  "projector_stereo": "/home/pi/fringe/data/calibration/projector/stereo_latest.json",
  "camera_size": [
    1024,
    768
  ],
  "projector_size": [
    1920,
    1080
  ],
  "valid_uv_points": 86832,
  "valid_reconstruct_points": 85245,
  "z_min_m": 0.05,
  "z_max_m": 5.0,
  "max_reproj_err_px": 15.0,
  "height_min_m": 0.28880369663238525,
  "height_max_m": 0.8598200082778931,
  "height_median_m": 0.6295907497406006,
  "rejected_by_depth_px": 24,
  "rejected_by_camera_reproj_px": 1563,
  "rejected_by_projector_reproj_px": 0,
  "uv_meta": {
    "projector_width": 1920,
    "projector_height": 1080,
    "frequency_semantics": "cycles_across_dimension",
    "freq_u": 16.0,
    "freq_v": 16.0,
    "cycles_u": 16.0,
    "cycles_v": 16.0,
    "phase_origin_u_rad": 0.0,
    "phase_origin_v_rad": 0.0,
    "valid_ratio": 0.11041259765625,
    "u_min": 2.2868103981018066,
    "u_max": 1915.02099609375,
    "v_min": 0.6030800938606262,
    "v_max": 1079.988037109375,
    "u_p01": 948.2941479492188,
    "u_p99": 1177.691170654297,
    "v_p01": 321.8089047241211,
    "v_p99": 763.098247680664,
    "u_range": 229.39702270507814,
    "v_range": 441.28934295654295,
    "u_edge_pct": 0.0,
    "v_edge_pct": 3.454947484798231e-05,
    "u_zero_pct": 0.0,
    "v_zero_pct": 0.0,
    "uv_gate_ok": true,
    "uv_gate_thresholds": {
      "enabled": true,
      "min_u_range_px": 40.0,
      "min_v_range_px": 40.0,
      "max_edge_pct": 0.1,
      "max_zero_pct": 0.01,
      "min_valid_ratio": 0.03
    },
    "uv_gate_failed_checks": [],
    "uv_gate_hints": []
  }
}