{
  "projector_width": 1920,
  "projector_height": 1080,
  "frequency_semantics": "cycles_across_dimension",
  "freq_u": 16.0,
  "freq_v": 16.0,
  "cycles_u": 16.0,
  "cycles_v": 16.0,
  "phase_origin_u_rad": 0.0,
  "phase_origin_v_rad": 0.0,
  "valid_ratio": 0.11041259765625,
  "u_min": 2.2868103981018066,
  "u_max": 1915.02099609375,
  "v_min": 0.6030800938606262,
  "v_max": 1079.988037109375,
  "u_p01": 948.2941479492188,
  "u_p99": 1177.691170654297,
  "v_p01": 321.8089047241211,
  "v_p99": 763.098247680664,
  "u_range": 229.39702270507814,
  "v_range": 441.28934295654295,
  "u_edge_pct": 0.0,
  "v_edge_pct": 3.454947484798231e-05,
  "u_zero_pct": 0.0,
  "v_zero_pct": 0.0,
  "uv_gate_ok": true,
  "uv_gate_thresholds": {
    "enabled": true,
    "min_u_range_px": 40.0,
    "min_v_range_px": 40.0,
    "max_edge_pct": 0.1,
    "max_zero_pct": 0.01,
    "min_valid_ratio": 0.03
  },
  "uv_gate_failed_checks": [],
  "uv_gate_hints": []
}