{
  "frequencies": [
    1.0,
    4.0,
    16.0
  ],
  "stages": [
    {
      "f_low": 1.0,
      "f_high": 4.0,
      "ratio": 4.0,
      "pair_valid_ratio": 0.11075592041015625,
      "pair_valid_px": 87102
    },
    {
      "f_low": 4.0,
      "f_high": 16.0,
      "ratio": 4.0,
      "pair_valid_ratio": 0.11059951782226562,
      "pair_valid_px": 86979
    }
  ],
  "phi_min": -3.5240845680236816,
  "phi_max": 107.32585144042969,
  "valid_ratio": 0.11059951782226562,
  "unwrap_valid_px": 86979,
  "residual_rms": 0.35773566365242004,
  "residual_p50": 0.15288162231445312,
  "residual_p75": 0.2721443176269531,
  "residual_p95": 0.5538486242294312,
  "residual_max_abs": 3.1373751163482666,
  "residual_gt_1rad_pct": 1.534853240437347,
  "residual_p95_threshold": 0.2,
  "residual_ok": false
}