{
  "frequencies": [
    1.0,
    4.0,
    16.0
  ],
  "stages": [
    {
      "f_low": 1.0,
      "f_high": 4.0,
      "ratio": 4.0,
      "pair_valid_ratio": 0.11068979899088542,
      "pair_valid_px": 87050
    },
    {
      "f_low": 4.0,
      "f_high": 16.0,
      "ratio": 4.0,
      "pair_valid_ratio": 0.11055246988932292,
      "pair_valid_px": 86942
    }
  ],
  "phi_min": -3.741084098815918,
  "phi_max": 109.65473937988281,
  "valid_ratio": 0.11055246988932292,
  "unwrap_valid_px": 86942,
  "residual_rms": 0.37247785925865173,
  "residual_p50": 0.16275787353515625,
  "residual_p75": 0.2897529602050781,
  "residual_p95": 0.6212283372879028,
  "residual_max_abs": 3.1391756534576416,
  "residual_gt_1rad_pct": 1.7091854339674726,
  "residual_p95_threshold": 0.2,
  "residual_ok": false
}