{
  "frequencies": [
    1.0,
    4.0,
    16.0
  ],
  "stages": [
    {
      "f_low": 1.0,
      "f_high": 4.0,
      "ratio": 4.0,
      "pair_valid_ratio": 0.1105054219563802,
      "pair_valid_px": 86905
    },
    {
      "f_low": 4.0,
      "f_high": 16.0,
      "ratio": 4.0,
      "pair_valid_ratio": 0.1104583740234375,
      "pair_valid_px": 86868
    }
  ],
  "phi_min": -8.044754981994629,
  "phi_max": 112.07600402832031,
  "valid_ratio": 0.1104583740234375,
  "unwrap_valid_px": 86868,
  "residual_rms": 0.36078745126724243,
  "residual_p50": 0.1627349853515625,
  "residual_p75": 0.2808399200439453,
  "residual_p95": 0.5678035616874695,
  "residual_max_abs": 3.141166925430298,
  "residual_gt_1rad_pct": 1.572500805820325,
  "residual_p95_threshold": 0.2,
  "residual_ok": false
}